"method","att","lower_ci","upper_ci","p_value"
"FE",-0.0448254585910731,-0.0505704214399012,-0.0390804957422449,0
"IFE",-0.0448254585910731,-0.0534647301805758,-0.0361861870015703,0
"T-test",-0.0257184133381409,-0.0536687701351276,0.00223194345884579,0.0610837659684047
