"method","att","lower_ci","upper_ci","p_value"
"FE",5.45282608780937,2.60791055583776,8.29774161978097,0.000172205292355398
"IFE",5.45282608780937,2.98164608428429,7.92400609133444,1.52674942572872e-05
"T-test",5.69145072009844,0.604983698844818,10.7779177413521,0.0377941521576917
